documents,chapter,content,requirements,需求声明,制定流程,形成指定内容,形成程序文件,形成其他文件,形成记录
ISO_requirements_v2_modified.csv,4.2 文件要求,"4.2.2 质量手册
组织应编制质量手册，质量手册包括：
a) 质量管理体系的范围，包括任何删减或不适用的详细说明和理由；
b) 质量管理体系的形成文件的程序或对其引用；
c) 质量管理体系过程之间的相互作用的表述。
质量手册应概述质量管理体系文件的结构。","文件要求:质量手册,组织应编制质量手册。",1,1,0,0,0,0
ISO_requirements_v2_modified.csv,4.2 文件要求,"4.2.2 质量手册
组织应编制质量手册，质量手册包括：
a) 质量管理体系的范围，包括任何删减或不适用的详细说明和理由；
b) 质量管理体系的形成文件的程序或对其引用；
c) 质量管理体系过程之间的相互作用的表述。
质量手册应概述质量管理体系文件的结构。","文件要求:质量手册,质量手册应包括质量管理体系的范围。",1,0,1,0,0,0
ISO_requirements_v2_modified.csv,4.2 文件要求,"4.2.2 质量手册
组织应编制质量手册，质量手册包括：
a) 质量管理体系的范围，包括任何删减或不适用的详细说明和理由；
b) 质量管理体系的形成文件的程序或对其引用；
c) 质量管理体系过程之间的相互作用的表述。
质量手册应概述质量管理体系文件的结构。","文件要求:质量手册,质量手册应包括任何删减或不适用的详细说明和理由。",1,0,1,0,0,0
ISO_requirements_v2_modified.csv,4.2 文件要求,"4.2.2 质量手册
组织应编制质量手册，质量手册包括：
a) 质量管理体系的范围，包括任何删减或不适用的详细说明和理由；
b) 质量管理体系的形成文件的程序或对其引用；
c) 质量管理体系过程之间的相互作用的表述。
质量手册应概述质量管理体系文件的结构。","文件要求:质量手册,质量手册应包括质量管理体系的形成文件的程序或对其引用。",1,0,1,0,0,0
ISO_requirements_v2_modified.csv,4.2 文件要求,"4.2.2 质量手册
组织应编制质量手册，质量手册包括：
a) 质量管理体系的范围，包括任何删减或不适用的详细说明和理由；
b) 质量管理体系的形成文件的程序或对其引用；
c) 质量管理体系过程之间的相互作用的表述。
质量手册应概述质量管理体系文件的结构。","文件要求:质量手册,质量手册应包括质量管理体系过程之间的相互作用的表述。",1,0,1,0,0,0
ISO_requirements_v2_modified.csv,4.2 文件要求,"4.2.2 质量手册
组织应编制质量手册，质量手册包括：
a) 质量管理体系的范围，包括任何删减或不适用的详细说明和理由；
b) 质量管理体系的形成文件的程序或对其引用；
c) 质量管理体系过程之间的相互作用的表述。
质量手册应概述质量管理体系文件的结构。","文件要求:质量手册,质量手册应概述质量管理体系文件的结构。",1,0,1,0,0,0
ISO_requirements_v2_modified.csv,5 管理职责,"5.5.3 内部沟通
最高管理者应确保在组织内建立适当的沟通过程，并确保对质量管理体系的有效性进行沟通。","管理职责:内部沟通,最高管理者应确保在组织内建立适当的沟通过程。",1,1,0,0,0,0
ISO_requirements_v2_modified.csv,5 管理职责,"5.5.3 内部沟通
最高管理者应确保在组织内建立适当的沟通过程，并确保对质量管理体系的有效性进行沟通。","管理职责:内部沟通,最高管理者应确保对质量管理体系的有效性进行沟通。",1,1,0,0,0,0
ISO_requirements_v2_modified.csv,6 资源管理,"6.3 基础设施
为达到符合产品要求、防止产品混淆和确保产品有序处置，组织应将所需的基础设施的要求形成文件。适当时，基础设施包括：
a) 建筑物、工作场所和相关设施；
b) 过程设备(硬件和软件);
c) 支持性服务(如运输、通讯或信息系统)。
若维护活动或缺少维护活动可能影响产品质量，组织应将此类维护活动的要求包括执行维护活动的时间间隔形成文件。适当时，要求应适用于生产设备、工作环境控制设备和监视测量设备。
应保留此类维护的记录(见4.2.5)。","资源管理:基础设施,组织应将所需的基础设施的要求形成文件。",1,1,0,0,1,0
ISO_requirements_v2_modified.csv,6 资源管理,"6.3 基础设施
为达到符合产品要求、防止产品混淆和确保产品有序处置，组织应将所需的基础设施的要求形成文件。适当时，基础设施包括：
a) 建筑物、工作场所和相关设施；
b) 过程设备(硬件和软件);
c) 支持性服务(如运输、通讯或信息系统)。
若维护活动或缺少维护活动可能影响产品质量，组织应将此类维护活动的要求包括执行维护活动的时间间隔形成文件。适当时，要求应适用于生产设备、工作环境控制设备和监视测量设备。
应保留此类维护的记录(见4.2.5)。","资源管理:基础设施,基础设施包括建筑物、工作场所和相关设施。",1,1,0,0,0,0
ISO_requirements_v2_modified.csv,6 资源管理,"6.3 基础设施
为达到符合产品要求、防止产品混淆和确保产品有序处置，组织应将所需的基础设施的要求形成文件。适当时，基础设施包括：
a) 建筑物、工作场所和相关设施；
b) 过程设备(硬件和软件);
c) 支持性服务(如运输、通讯或信息系统)。
若维护活动或缺少维护活动可能影响产品质量，组织应将此类维护活动的要求包括执行维护活动的时间间隔形成文件。适当时，要求应适用于生产设备、工作环境控制设备和监视测量设备。
应保留此类维护的记录(见4.2.5)。","资源管理:基础设施,基础设施包括过程设备（硬件和软件）。",1,1,0,0,0,0
ISO_requirements_v2_modified.csv,6 资源管理,"6.3 基础设施
为达到符合产品要求、防止产品混淆和确保产品有序处置，组织应将所需的基础设施的要求形成文件。适当时，基础设施包括：
a) 建筑物、工作场所和相关设施；
b) 过程设备(硬件和软件);
c) 支持性服务(如运输、通讯或信息系统)。
若维护活动或缺少维护活动可能影响产品质量，组织应将此类维护活动的要求包括执行维护活动的时间间隔形成文件。适当时，要求应适用于生产设备、工作环境控制设备和监视测量设备。
应保留此类维护的记录(见4.2.5)。","资源管理:基础设施,基础设施包括支持性服务（如运输、通讯或信息系统）。",1,1,0,0,0,0
ISO_requirements_v2_modified.csv,6 资源管理,"6.3 基础设施
为达到符合产品要求、防止产品混淆和确保产品有序处置，组织应将所需的基础设施的要求形成文件。适当时，基础设施包括：
a) 建筑物、工作场所和相关设施；
b) 过程设备(硬件和软件);
c) 支持性服务(如运输、通讯或信息系统)。
若维护活动或缺少维护活动可能影响产品质量，组织应将此类维护活动的要求包括执行维护活动的时间间隔形成文件。适当时，要求应适用于生产设备、工作环境控制设备和监视测量设备。
应保留此类维护的记录(见4.2.5)。","资源管理:基础设施,若维护活动或缺少维护活动可能影响产品质量，组织应将此类维护活动的要求形成文件。",1,1,0,0,1,0
ISO_requirements_v2_modified.csv,6 资源管理,"6.3 基础设施
为达到符合产品要求、防止产品混淆和确保产品有序处置，组织应将所需的基础设施的要求形成文件。适当时，基础设施包括：
a) 建筑物、工作场所和相关设施；
b) 过程设备(硬件和软件);
c) 支持性服务(如运输、通讯或信息系统)。
若维护活动或缺少维护活动可能影响产品质量，组织应将此类维护活动的要求包括执行维护活动的时间间隔形成文件。适当时，要求应适用于生产设备、工作环境控制设备和监视测量设备。
应保留此类维护的记录(见4.2.5)。","资源管理:基础设施,组织应将执行维护活动的时间间隔形成文件。",1,1,0,0,1,0
ISO_requirements_v2_modified.csv,6 资源管理,"6.3 基础设施
为达到符合产品要求、防止产品混淆和确保产品有序处置，组织应将所需的基础设施的要求形成文件。适当时，基础设施包括：
a) 建筑物、工作场所和相关设施；
b) 过程设备(硬件和软件);
c) 支持性服务(如运输、通讯或信息系统)。
若维护活动或缺少维护活动可能影响产品质量，组织应将此类维护活动的要求包括执行维护活动的时间间隔形成文件。适当时，要求应适用于生产设备、工作环境控制设备和监视测量设备。
应保留此类维护的记录(见4.2.5)。","资源管理:基础设施,维护活动的要求应适用于生产设备。",1,1,0,0,0,0
ISO_requirements_v2_modified.csv,6 资源管理,"6.3 基础设施
为达到符合产品要求、防止产品混淆和确保产品有序处置，组织应将所需的基础设施的要求形成文件。适当时，基础设施包括：
a) 建筑物、工作场所和相关设施；
b) 过程设备(硬件和软件);
c) 支持性服务(如运输、通讯或信息系统)。
若维护活动或缺少维护活动可能影响产品质量，组织应将此类维护活动的要求包括执行维护活动的时间间隔形成文件。适当时，要求应适用于生产设备、工作环境控制设备和监视测量设备。
应保留此类维护的记录(见4.2.5)。","资源管理:基础设施,维护活动的要求应适用于工作环境控制设备。",1,1,0,0,0,0
ISO_requirements_v2_modified.csv,6 资源管理,"6.3 基础设施
为达到符合产品要求、防止产品混淆和确保产品有序处置，组织应将所需的基础设施的要求形成文件。适当时，基础设施包括：
a) 建筑物、工作场所和相关设施；
b) 过程设备(硬件和软件);
c) 支持性服务(如运输、通讯或信息系统)。
若维护活动或缺少维护活动可能影响产品质量，组织应将此类维护活动的要求包括执行维护活动的时间间隔形成文件。适当时，要求应适用于生产设备、工作环境控制设备和监视测量设备。
应保留此类维护的记录(见4.2.5)。","资源管理:基础设施,维护活动的要求应适用于监视测量设备。",1,1,0,0,0,0
ISO_requirements_v2_modified.csv,6 资源管理,"6.3 基础设施
为达到符合产品要求、防止产品混淆和确保产品有序处置，组织应将所需的基础设施的要求形成文件。适当时，基础设施包括：
a) 建筑物、工作场所和相关设施；
b) 过程设备(硬件和软件);
c) 支持性服务(如运输、通讯或信息系统)。
若维护活动或缺少维护活动可能影响产品质量，组织应将此类维护活动的要求包括执行维护活动的时间间隔形成文件。适当时，要求应适用于生产设备、工作环境控制设备和监视测量设备。
应保留此类维护的记录(见4.2.5)。","资源管理:基础设施,组织应保留维护活动的记录。",1,1,0,0,0,1
ISO_requirements_v2_modified.csv,7 产品实现,"7.1 产品实现的策划
组织应策划和开发产品实现所需的过程。产品实现的策划应与质量管理体系其他过程的要求相一致。
组织应在产品实现过程中，将风险管理的一个或多个过程形成文件。应保留风险管理活动的记录 (见4.2.5)。
在策划产品实现的过程中，适当时，组织应确定以下方面的内容：
a) 质量目标和产品的要求；
b) 针对产品建立过程、文件(见4.2.4)的需求和提供资源的需求，包括基础设施和工作环境；
c) 针对产品所要求的验证、确认、监视、测量、检验和试验、处置、贮存、流通和可追溯性活动以及产品接收准则；
d) 为实现过程及其产品满足要求提供证据所需的记录(见4.2.5)。
此策划的输出应以适合于组织运行方式的形式形成文件。","产品实现:产品实现的策划,组织应策划和开发产品实现所需的过程。",1,1,0,0,0,0
ISO_requirements_v2_modified.csv,7 产品实现,"7.1 产品实现的策划
组织应策划和开发产品实现所需的过程。产品实现的策划应与质量管理体系其他过程的要求相一致。
组织应在产品实现过程中，将风险管理的一个或多个过程形成文件。应保留风险管理活动的记录 (见4.2.5)。
在策划产品实现的过程中，适当时，组织应确定以下方面的内容：
a) 质量目标和产品的要求；
b) 针对产品建立过程、文件(见4.2.4)的需求和提供资源的需求，包括基础设施和工作环境；
c) 针对产品所要求的验证、确认、监视、测量、检验和试验、处置、贮存、流通和可追溯性活动以及产品接收准则；
d) 为实现过程及其产品满足要求提供证据所需的记录(见4.2.5)。
此策划的输出应以适合于组织运行方式的形式形成文件。","产品实现:产品实现的策划,产品实现的策划应与质量管理体系其他过程的要求相一致。",1,1,0,0,0,0
ISO_requirements_v2_modified.csv,7 产品实现,"7.1 产品实现的策划
组织应策划和开发产品实现所需的过程。产品实现的策划应与质量管理体系其他过程的要求相一致。
组织应在产品实现过程中，将风险管理的一个或多个过程形成文件。应保留风险管理活动的记录 (见4.2.5)。
在策划产品实现的过程中，适当时，组织应确定以下方面的内容：
a) 质量目标和产品的要求；
b) 针对产品建立过程、文件(见4.2.4)的需求和提供资源的需求，包括基础设施和工作环境；
c) 针对产品所要求的验证、确认、监视、测量、检验和试验、处置、贮存、流通和可追溯性活动以及产品接收准则；
d) 为实现过程及其产品满足要求提供证据所需的记录(见4.2.5)。
此策划的输出应以适合于组织运行方式的形式形成文件。","产品实现:产品实现的策划,组织应在产品实现过程中，将风险管理的一个或多个过程形成文件。",1,1,0,0,1,0
ISO_requirements_v2_modified.csv,7 产品实现,"7.1 产品实现的策划
组织应策划和开发产品实现所需的过程。产品实现的策划应与质量管理体系其他过程的要求相一致。
组织应在产品实现过程中，将风险管理的一个或多个过程形成文件。应保留风险管理活动的记录 (见4.2.5)。
在策划产品实现的过程中，适当时，组织应确定以下方面的内容：
a) 质量目标和产品的要求；
b) 针对产品建立过程、文件(见4.2.4)的需求和提供资源的需求，包括基础设施和工作环境；
c) 针对产品所要求的验证、确认、监视、测量、检验和试验、处置、贮存、流通和可追溯性活动以及产品接收准则；
d) 为实现过程及其产品满足要求提供证据所需的记录(见4.2.5)。
此策划的输出应以适合于组织运行方式的形式形成文件。","产品实现:产品实现的策划,组织应保留风险管理活动的记录。",1,1,0,0,0,1
ISO_requirements_v2_modified.csv,7 产品实现,"7.1 产品实现的策划
组织应策划和开发产品实现所需的过程。产品实现的策划应与质量管理体系其他过程的要求相一致。
组织应在产品实现过程中，将风险管理的一个或多个过程形成文件。应保留风险管理活动的记录 (见4.2.5)。
在策划产品实现的过程中，适当时，组织应确定以下方面的内容：
a) 质量目标和产品的要求；
b) 针对产品建立过程、文件(见4.2.4)的需求和提供资源的需求，包括基础设施和工作环境；
c) 针对产品所要求的验证、确认、监视、测量、检验和试验、处置、贮存、流通和可追溯性活动以及产品接收准则；
d) 为实现过程及其产品满足要求提供证据所需的记录(见4.2.5)。
此策划的输出应以适合于组织运行方式的形式形成文件。","产品实现:产品实现的策划,在策划产品实现的过程中，适当时，组织应确定质量目标和产品的要求。",1,1,0,0,0,0
ISO_requirements_v2_modified.csv,7 产品实现,"7.1 产品实现的策划
组织应策划和开发产品实现所需的过程。产品实现的策划应与质量管理体系其他过程的要求相一致。
组织应在产品实现过程中，将风险管理的一个或多个过程形成文件。应保留风险管理活动的记录 (见4.2.5)。
在策划产品实现的过程中，适当时，组织应确定以下方面的内容：
a) 质量目标和产品的要求；
b) 针对产品建立过程、文件(见4.2.4)的需求和提供资源的需求，包括基础设施和工作环境；
c) 针对产品所要求的验证、确认、监视、测量、检验和试验、处置、贮存、流通和可追溯性活动以及产品接收准则；
d) 为实现过程及其产品满足要求提供证据所需的记录(见4.2.5)。
此策划的输出应以适合于组织运行方式的形式形成文件。","产品实现:产品实现的策划,在策划产品实现的过程中，适当时，组织应确定针对产品建立过程的需求。",1,1,0,0,0,0
ISO_requirements_v2_modified.csv,7 产品实现,"7.1 产品实现的策划
组织应策划和开发产品实现所需的过程。产品实现的策划应与质量管理体系其他过程的要求相一致。
组织应在产品实现过程中，将风险管理的一个或多个过程形成文件。应保留风险管理活动的记录 (见4.2.5)。
在策划产品实现的过程中，适当时，组织应确定以下方面的内容：
a) 质量目标和产品的要求；
b) 针对产品建立过程、文件(见4.2.4)的需求和提供资源的需求，包括基础设施和工作环境；
c) 针对产品所要求的验证、确认、监视、测量、检验和试验、处置、贮存、流通和可追溯性活动以及产品接收准则；
d) 为实现过程及其产品满足要求提供证据所需的记录(见4.2.5)。
此策划的输出应以适合于组织运行方式的形式形成文件。","产品实现:产品实现的策划,在策划产品实现的过程中，适当时，组织应确定文件和提供资源的需求，包括基础设施和工作环境。",1,1,0,0,0,0
ISO_requirements_v2_modified.csv,7 产品实现,"7.1 产品实现的策划
组织应策划和开发产品实现所需的过程。产品实现的策划应与质量管理体系其他过程的要求相一致。
组织应在产品实现过程中，将风险管理的一个或多个过程形成文件。应保留风险管理活动的记录 (见4.2.5)。
在策划产品实现的过程中，适当时，组织应确定以下方面的内容：
a) 质量目标和产品的要求；
b) 针对产品建立过程、文件(见4.2.4)的需求和提供资源的需求，包括基础设施和工作环境；
c) 针对产品所要求的验证、确认、监视、测量、检验和试验、处置、贮存、流通和可追溯性活动以及产品接收准则；
d) 为实现过程及其产品满足要求提供证据所需的记录(见4.2.5)。
此策划的输出应以适合于组织运行方式的形式形成文件。","产品实现:产品实现的策划,在策划产品实现的过程中，适当时，组织应确定针对产品所要求的验证、确认、监视、测量、检验和试验活动。",1,1,0,0,0,0
ISO_requirements_v2_modified.csv,7 产品实现,"7.1 产品实现的策划
组织应策划和开发产品实现所需的过程。产品实现的策划应与质量管理体系其他过程的要求相一致。
组织应在产品实现过程中，将风险管理的一个或多个过程形成文件。应保留风险管理活动的记录 (见4.2.5)。
在策划产品实现的过程中，适当时，组织应确定以下方面的内容：
a) 质量目标和产品的要求；
b) 针对产品建立过程、文件(见4.2.4)的需求和提供资源的需求，包括基础设施和工作环境；
c) 针对产品所要求的验证、确认、监视、测量、检验和试验、处置、贮存、流通和可追溯性活动以及产品接收准则；
d) 为实现过程及其产品满足要求提供证据所需的记录(见4.2.5)。
此策划的输出应以适合于组织运行方式的形式形成文件。","产品实现:产品实现的策划,在策划产品实现的过程中，适当时，组织应确定针对产品所要求的处置、贮存、流通和可追溯性活动。",1,1,0,0,0,0
ISO_requirements_v2_modified.csv,7 产品实现,"7.1 产品实现的策划
组织应策划和开发产品实现所需的过程。产品实现的策划应与质量管理体系其他过程的要求相一致。
组织应在产品实现过程中，将风险管理的一个或多个过程形成文件。应保留风险管理活动的记录 (见4.2.5)。
在策划产品实现的过程中，适当时，组织应确定以下方面的内容：
a) 质量目标和产品的要求；
b) 针对产品建立过程、文件(见4.2.4)的需求和提供资源的需求，包括基础设施和工作环境；
c) 针对产品所要求的验证、确认、监视、测量、检验和试验、处置、贮存、流通和可追溯性活动以及产品接收准则；
d) 为实现过程及其产品满足要求提供证据所需的记录(见4.2.5)。
此策划的输出应以适合于组织运行方式的形式形成文件。","产品实现:产品实现的策划,在策划产品实现的过程中，适当时，组织应确定产品接收准则。",1,1,0,0,0,0
ISO_requirements_v2_modified.csv,7 产品实现,"7.1 产品实现的策划
组织应策划和开发产品实现所需的过程。产品实现的策划应与质量管理体系其他过程的要求相一致。
组织应在产品实现过程中，将风险管理的一个或多个过程形成文件。应保留风险管理活动的记录 (见4.2.5)。
在策划产品实现的过程中，适当时，组织应确定以下方面的内容：
a) 质量目标和产品的要求；
b) 针对产品建立过程、文件(见4.2.4)的需求和提供资源的需求，包括基础设施和工作环境；
c) 针对产品所要求的验证、确认、监视、测量、检验和试验、处置、贮存、流通和可追溯性活动以及产品接收准则；
d) 为实现过程及其产品满足要求提供证据所需的记录(见4.2.5)。
此策划的输出应以适合于组织运行方式的形式形成文件。","产品实现:产品实现的策划,在策划产品实现的过程中，适当时，组织应确定为实现过程及其产品满足要求提供证据所需的记录。",1,1,0,0,0,1
ISO_requirements_v2_modified.csv,7 产品实现,"7.1 产品实现的策划
组织应策划和开发产品实现所需的过程。产品实现的策划应与质量管理体系其他过程的要求相一致。
组织应在产品实现过程中，将风险管理的一个或多个过程形成文件。应保留风险管理活动的记录 (见4.2.5)。
在策划产品实现的过程中，适当时，组织应确定以下方面的内容：
a) 质量目标和产品的要求；
b) 针对产品建立过程、文件(见4.2.4)的需求和提供资源的需求，包括基础设施和工作环境；
c) 针对产品所要求的验证、确认、监视、测量、检验和试验、处置、贮存、流通和可追溯性活动以及产品接收准则；
d) 为实现过程及其产品满足要求提供证据所需的记录(见4.2.5)。
此策划的输出应以适合于组织运行方式的形式形成文件。","产品实现:产品实现的策划,产品实现的策划的输出应以适合于组织运行方式的形式形成文件。",1,1,0,0,1,0
ISO13485,7.3 设计和开发,"7.3.2 设计和开发策划
组织应对产品的设计和开发进行策划和控制。适当时，随着设计和开发的进展，应保持并更新设计和开发策划文件。
在设计和开发策划期间，组织应将以下方面形成文件：
a) 设计和开发的各个阶段；
b) 每个设计和开发阶段所需的一个或多个评审；
c) 适合于每个设计和开发阶段的验证、确认和设计转换活动；
d) 设计和开发的职责和权限；
e) 确保设计和开发输出对应设计和开发输入的可追溯的方法；
f) 所需的资源，包括必要的人员能力。","设计和开发:设计和开发策划,组织应对产品的设计和开发进行策划和控制。",1,1,0,0,0,0
ISO13485,7.3 设计和开发,"7.3.2 设计和开发策划
组织应对产品的设计和开发进行策划和控制。适当时，随着设计和开发的进展，应保持并更新设计和开发策划文件。
在设计和开发策划期间，组织应将以下方面形成文件：
a) 设计和开发的各个阶段；
b) 每个设计和开发阶段所需的一个或多个评审；
c) 适合于每个设计和开发阶段的验证、确认和设计转换活动；
d) 设计和开发的职责和权限；
e) 确保设计和开发输出对应设计和开发输入的可追溯的方法；
f) 所需的资源，包括必要的人员能力。","设计和开发:设计和开发策划,组织应随着设计和开发的进展，适当时保持并更新设计和开发策划文件。",1,1,0,0,1,0
ISO13485,7.3 设计和开发,"7.3.2 设计和开发策划
组织应对产品的设计和开发进行策划和控制。适当时，随着设计和开发的进展，应保持并更新设计和开发策划文件。
在设计和开发策划期间，组织应将以下方面形成文件：
a) 设计和开发的各个阶段；
b) 每个设计和开发阶段所需的一个或多个评审；
c) 适合于每个设计和开发阶段的验证、确认和设计转换活动；
d) 设计和开发的职责和权限；
e) 确保设计和开发输出对应设计和开发输入的可追溯的方法；
f) 所需的资源，包括必要的人员能力。","设计和开发:设计和开发策划,在设计和开发策划期间，组织应将设计和开发的各个阶段形成文件。",1,1,0,0,1,0
ISO13485,7.3 设计和开发,"7.3.2 设计和开发策划
组织应对产品的设计和开发进行策划和控制。适当时，随着设计和开发的进展，应保持并更新设计和开发策划文件。
在设计和开发策划期间，组织应将以下方面形成文件：
a) 设计和开发的各个阶段；
b) 每个设计和开发阶段所需的一个或多个评审；
c) 适合于每个设计和开发阶段的验证、确认和设计转换活动；
d) 设计和开发的职责和权限；
e) 确保设计和开发输出对应设计和开发输入的可追溯的方法；
f) 所需的资源，包括必要的人员能力。","设计和开发:设计和开发策划,在设计和开发策划期间，组织应将每个设计和开发阶段所需的一个或多个评审形成文件。",1,1,0,0,1,0
ISO13485,7.3 设计和开发,"7.3.2 设计和开发策划
组织应对产品的设计和开发进行策划和控制。适当时，随着设计和开发的进展，应保持并更新设计和开发策划文件。
在设计和开发策划期间，组织应将以下方面形成文件：
a) 设计和开发的各个阶段；
b) 每个设计和开发阶段所需的一个或多个评审；
c) 适合于每个设计和开发阶段的验证、确认和设计转换活动；
d) 设计和开发的职责和权限；
e) 确保设计和开发输出对应设计和开发输入的可追溯的方法；
f) 所需的资源，包括必要的人员能力。","设计和开发:设计和开发策划,在设计和开发策划期间，组织应将适合于每个设计和开发阶段的验证、确认和设计转换活动形成文件。",1,1,0,0,1,0
ISO13485,7.3 设计和开发,"7.3.2 设计和开发策划
组织应对产品的设计和开发进行策划和控制。适当时，随着设计和开发的进展，应保持并更新设计和开发策划文件。
在设计和开发策划期间，组织应将以下方面形成文件：
a) 设计和开发的各个阶段；
b) 每个设计和开发阶段所需的一个或多个评审；
c) 适合于每个设计和开发阶段的验证、确认和设计转换活动；
d) 设计和开发的职责和权限；
e) 确保设计和开发输出对应设计和开发输入的可追溯的方法；
f) 所需的资源，包括必要的人员能力。","设计和开发:设计和开发策划,在设计和开发策划期间，组织应将设计和开发的职责和权限形成文件。",1,1,0,0,1,0
ISO13485,7.3 设计和开发,"7.3.2 设计和开发策划
组织应对产品的设计和开发进行策划和控制。适当时，随着设计和开发的进展，应保持并更新设计和开发策划文件。
在设计和开发策划期间，组织应将以下方面形成文件：
a) 设计和开发的各个阶段；
b) 每个设计和开发阶段所需的一个或多个评审；
c) 适合于每个设计和开发阶段的验证、确认和设计转换活动；
d) 设计和开发的职责和权限；
e) 确保设计和开发输出对应设计和开发输入的可追溯的方法；
f) 所需的资源，包括必要的人员能力。","设计和开发:设计和开发策划,在设计和开发策划期间，组织应将确保设计和开发输出对应设计和开发输入的可追溯的方法形成文件。",1,1,0,0,1,0
ISO13485,7.3 设计和开发,"7.3.2 设计和开发策划
组织应对产品的设计和开发进行策划和控制。适当时，随着设计和开发的进展，应保持并更新设计和开发策划文件。
在设计和开发策划期间，组织应将以下方面形成文件：
a) 设计和开发的各个阶段；
b) 每个设计和开发阶段所需的一个或多个评审；
c) 适合于每个设计和开发阶段的验证、确认和设计转换活动；
d) 设计和开发的职责和权限；
e) 确保设计和开发输出对应设计和开发输入的可追溯的方法；
f) 所需的资源，包括必要的人员能力。","设计和开发:设计和开发策划,在设计和开发策划期间，组织应将所需的资源，包括必要的人员能力形成文件。",1,1,0,0,1,0
ISO_requirements_v2_modified.csv,7.4 采购,"7.4.1 采购过程
组织应将确保采购产品符合规定的采购信息的程序形成文件(见4.2.4)。
组织应建立评价和选择供方的准则。准则应：
a) 基于供方提供满足组织要求的产品的能力；
b) 基于供方的绩效；
c) 基于采购产品对医疗器械质量的影响；
d) 与医疗器械相关风险相适应。
组织应对供方的监视和再评价进行策划。应监视供方满足采购产品的要求的绩效。监视结果应为供方再评价过程提供输入。
对未实现采购要求的供方的处置应与所采购产品有关的风险相适应，并符合适用的法规要求。
应保留供方能力或绩效的评价、选择、监视和再评价的结果及由这些活动所引起的任何必要措施的记录(见4.2.5)。","采购:采购过程,组织应将确保采购产品符合规定的采购信息的程序形成文件。",1,1,0,1,0,0
ISO_requirements_v2_modified.csv,7.4 采购,"7.4.1 采购过程
组织应将确保采购产品符合规定的采购信息的程序形成文件(见4.2.4)。
组织应建立评价和选择供方的准则。准则应：
a) 基于供方提供满足组织要求的产品的能力；
b) 基于供方的绩效；
c) 基于采购产品对医疗器械质量的影响；
d) 与医疗器械相关风险相适应。
组织应对供方的监视和再评价进行策划。应监视供方满足采购产品的要求的绩效。监视结果应为供方再评价过程提供输入。
对未实现采购要求的供方的处置应与所采购产品有关的风险相适应，并符合适用的法规要求。
应保留供方能力或绩效的评价、选择、监视和再评价的结果及由这些活动所引起的任何必要措施的记录(见4.2.5)。","采购:采购过程,组织应建立评价和选择供方的准则。",1,1,0,0,0,0
ISO_requirements_v2_modified.csv,7.4 采购,"7.4.1 采购过程
组织应将确保采购产品符合规定的采购信息的程序形成文件(见4.2.4)。
组织应建立评价和选择供方的准则。准则应：
a) 基于供方提供满足组织要求的产品的能力；
b) 基于供方的绩效；
c) 基于采购产品对医疗器械质量的影响；
d) 与医疗器械相关风险相适应。
组织应对供方的监视和再评价进行策划。应监视供方满足采购产品的要求的绩效。监视结果应为供方再评价过程提供输入。
对未实现采购要求的供方的处置应与所采购产品有关的风险相适应，并符合适用的法规要求。
应保留供方能力或绩效的评价、选择、监视和再评价的结果及由这些活动所引起的任何必要措施的记录(见4.2.5)。","采购:采购过程,评价和选择供方的准则应基于供方提供满足组织要求的产品的能力。",1,1,0,0,0,0
ISO_requirements_v2_modified.csv,7.4 采购,"7.4.1 采购过程
组织应将确保采购产品符合规定的采购信息的程序形成文件(见4.2.4)。
组织应建立评价和选择供方的准则。准则应：
a) 基于供方提供满足组织要求的产品的能力；
b) 基于供方的绩效；
c) 基于采购产品对医疗器械质量的影响；
d) 与医疗器械相关风险相适应。
组织应对供方的监视和再评价进行策划。应监视供方满足采购产品的要求的绩效。监视结果应为供方再评价过程提供输入。
对未实现采购要求的供方的处置应与所采购产品有关的风险相适应，并符合适用的法规要求。
应保留供方能力或绩效的评价、选择、监视和再评价的结果及由这些活动所引起的任何必要措施的记录(见4.2.5)。","采购:采购过程,评价和选择供方的准则应基于供方的绩效。",1,1,0,0,0,0
ISO_requirements_v2_modified.csv,7.4 采购,"7.4.1 采购过程
组织应将确保采购产品符合规定的采购信息的程序形成文件(见4.2.4)。
组织应建立评价和选择供方的准则。准则应：
a) 基于供方提供满足组织要求的产品的能力；
b) 基于供方的绩效；
c) 基于采购产品对医疗器械质量的影响；
d) 与医疗器械相关风险相适应。
组织应对供方的监视和再评价进行策划。应监视供方满足采购产品的要求的绩效。监视结果应为供方再评价过程提供输入。
对未实现采购要求的供方的处置应与所采购产品有关的风险相适应，并符合适用的法规要求。
应保留供方能力或绩效的评价、选择、监视和再评价的结果及由这些活动所引起的任何必要措施的记录(见4.2.5)。","采购:采购过程,评价和选择供方的准则应基于采购产品对医疗器械质量的影响。",1,1,0,0,0,0
ISO_requirements_v2_modified.csv,7.4 采购,"7.4.1 采购过程
组织应将确保采购产品符合规定的采购信息的程序形成文件(见4.2.4)。
组织应建立评价和选择供方的准则。准则应：
a) 基于供方提供满足组织要求的产品的能力；
b) 基于供方的绩效；
c) 基于采购产品对医疗器械质量的影响；
d) 与医疗器械相关风险相适应。
组织应对供方的监视和再评价进行策划。应监视供方满足采购产品的要求的绩效。监视结果应为供方再评价过程提供输入。
对未实现采购要求的供方的处置应与所采购产品有关的风险相适应，并符合适用的法规要求。
应保留供方能力或绩效的评价、选择、监视和再评价的结果及由这些活动所引起的任何必要措施的记录(见4.2.5)。","采购:采购过程,评价和选择供方的准则应与医疗器械相关风险相适应。",1,1,0,0,0,0
ISO_requirements_v2_modified.csv,7.4 采购,"7.4.1 采购过程
组织应将确保采购产品符合规定的采购信息的程序形成文件(见4.2.4)。
组织应建立评价和选择供方的准则。准则应：
a) 基于供方提供满足组织要求的产品的能力；
b) 基于供方的绩效；
c) 基于采购产品对医疗器械质量的影响；
d) 与医疗器械相关风险相适应。
组织应对供方的监视和再评价进行策划。应监视供方满足采购产品的要求的绩效。监视结果应为供方再评价过程提供输入。
对未实现采购要求的供方的处置应与所采购产品有关的风险相适应，并符合适用的法规要求。
应保留供方能力或绩效的评价、选择、监视和再评价的结果及由这些活动所引起的任何必要措施的记录(见4.2.5)。","采购:采购过程,组织应对供方的监视和再评价进行策划。",1,1,0,0,0,0
ISO_requirements_v2_modified.csv,7.4 采购,"7.4.1 采购过程
组织应将确保采购产品符合规定的采购信息的程序形成文件(见4.2.4)。
组织应建立评价和选择供方的准则。准则应：
a) 基于供方提供满足组织要求的产品的能力；
b) 基于供方的绩效；
c) 基于采购产品对医疗器械质量的影响；
d) 与医疗器械相关风险相适应。
组织应对供方的监视和再评价进行策划。应监视供方满足采购产品的要求的绩效。监视结果应为供方再评价过程提供输入。
对未实现采购要求的供方的处置应与所采购产品有关的风险相适应，并符合适用的法规要求。
应保留供方能力或绩效的评价、选择、监视和再评价的结果及由这些活动所引起的任何必要措施的记录(见4.2.5)。","采购:采购过程,组织应监视供方满足采购产品的要求的绩效。",1,1,0,0,0,0
ISO_requirements_v2_modified.csv,7.4 采购,"7.4.1 采购过程
组织应将确保采购产品符合规定的采购信息的程序形成文件(见4.2.4)。
组织应建立评价和选择供方的准则。准则应：
a) 基于供方提供满足组织要求的产品的能力；
b) 基于供方的绩效；
c) 基于采购产品对医疗器械质量的影响；
d) 与医疗器械相关风险相适应。
组织应对供方的监视和再评价进行策划。应监视供方满足采购产品的要求的绩效。监视结果应为供方再评价过程提供输入。
对未实现采购要求的供方的处置应与所采购产品有关的风险相适应，并符合适用的法规要求。
应保留供方能力或绩效的评价、选择、监视和再评价的结果及由这些活动所引起的任何必要措施的记录(见4.2.5)。","采购:采购过程,监视结果应为供方再评价过程提供输入。",1,1,0,0,0,0
ISO_requirements_v2_modified.csv,7.4 采购,"7.4.1 采购过程
组织应将确保采购产品符合规定的采购信息的程序形成文件(见4.2.4)。
组织应建立评价和选择供方的准则。准则应：
a) 基于供方提供满足组织要求的产品的能力；
b) 基于供方的绩效；
c) 基于采购产品对医疗器械质量的影响；
d) 与医疗器械相关风险相适应。
组织应对供方的监视和再评价进行策划。应监视供方满足采购产品的要求的绩效。监视结果应为供方再评价过程提供输入。
对未实现采购要求的供方的处置应与所采购产品有关的风险相适应，并符合适用的法规要求。
应保留供方能力或绩效的评价、选择、监视和再评价的结果及由这些活动所引起的任何必要措施的记录(见4.2.5)。","采购:采购过程,对未实现采购要求的供方的处置应与所采购产品有关的风险相适应。",1,1,0,0,0,0
ISO_requirements_v2_modified.csv,7.4 采购,"7.4.1 采购过程
组织应将确保采购产品符合规定的采购信息的程序形成文件(见4.2.4)。
组织应建立评价和选择供方的准则。准则应：
a) 基于供方提供满足组织要求的产品的能力；
b) 基于供方的绩效；
c) 基于采购产品对医疗器械质量的影响；
d) 与医疗器械相关风险相适应。
组织应对供方的监视和再评价进行策划。应监视供方满足采购产品的要求的绩效。监视结果应为供方再评价过程提供输入。
对未实现采购要求的供方的处置应与所采购产品有关的风险相适应，并符合适用的法规要求。
应保留供方能力或绩效的评价、选择、监视和再评价的结果及由这些活动所引起的任何必要措施的记录(见4.2.5)。","采购:采购过程,对未实现采购要求的供方的处置应符合适用的法规要求。",1,1,0,0,0,0
ISO_requirements_v2_modified.csv,7.4 采购,"7.4.1 采购过程
组织应将确保采购产品符合规定的采购信息的程序形成文件(见4.2.4)。
组织应建立评价和选择供方的准则。准则应：
a) 基于供方提供满足组织要求的产品的能力；
b) 基于供方的绩效；
c) 基于采购产品对医疗器械质量的影响；
d) 与医疗器械相关风险相适应。
组织应对供方的监视和再评价进行策划。应监视供方满足采购产品的要求的绩效。监视结果应为供方再评价过程提供输入。
对未实现采购要求的供方的处置应与所采购产品有关的风险相适应，并符合适用的法规要求。
应保留供方能力或绩效的评价、选择、监视和再评价的结果及由这些活动所引起的任何必要措施的记录(见4.2.5)。","采购:采购过程,组织应保留供方能力或绩效的评价、选择、监视和再评价的结果的记录。",1,1,0,0,0,1
ISO_requirements_v2_modified.csv,7.4 采购,"7.4.1 采购过程
组织应将确保采购产品符合规定的采购信息的程序形成文件(见4.2.4)。
组织应建立评价和选择供方的准则。准则应：
a) 基于供方提供满足组织要求的产品的能力；
b) 基于供方的绩效；
c) 基于采购产品对医疗器械质量的影响；
d) 与医疗器械相关风险相适应。
组织应对供方的监视和再评价进行策划。应监视供方满足采购产品的要求的绩效。监视结果应为供方再评价过程提供输入。
对未实现采购要求的供方的处置应与所采购产品有关的风险相适应，并符合适用的法规要求。
应保留供方能力或绩效的评价、选择、监视和再评价的结果及由这些活动所引起的任何必要措施的记录(见4.2.5)。","采购:采购过程,组织应保留由供方能力或绩效的评价、选择、监视和再评价活动所引起的任何必要措施的记录。",1,1,0,0,0,1
ISO_requirements_v2_modified.csv,7.5 生产和服务提供,"7.5.1 生产和服务提供的控制
生产和服务提供应予策划、实施、监视和控制以确保产品符合规范。适当时，生产控制应包括但不 限于：
a) 编制生产控制程序和控制方法的文件(见4.2.4);
b) 基础设施鉴定；
c) 实施过程参数和产品特性的监视和测量；
d) 获得和使用监视和测量设备；
e) 对标记和包装实施规定的操作；
f) 实施产品放行、交付和交付后活动。
组织应为每一台或每一批医疗器械建立并保留记录(见4.2.5),该记录提供了7.5.9规定的可追溯性范围和程度的信息并标明制造数量和批准流通数量。应核验和批准该记录。","生产和服务提供:生产和服务提供的控制,生产和服务提供应予策划、实施、监视和控制。",1,1,0,0,0,0
ISO_requirements_v2_modified.csv,7.5 生产和服务提供,"7.5.1 生产和服务提供的控制
生产和服务提供应予策划、实施、监视和控制以确保产品符合规范。适当时，生产控制应包括但不 限于：
a) 编制生产控制程序和控制方法的文件(见4.2.4);
b) 基础设施鉴定；
c) 实施过程参数和产品特性的监视和测量；
d) 获得和使用监视和测量设备；
e) 对标记和包装实施规定的操作；
f) 实施产品放行、交付和交付后活动。
组织应为每一台或每一批医疗器械建立并保留记录(见4.2.5),该记录提供了7.5.9规定的可追溯性范围和程度的信息并标明制造数量和批准流通数量。应核验和批准该记录。","生产和服务提供:生产和服务提供的控制,生产和服务提供的策划、实施、监视和控制应确保产品符合规范。",1,1,0,0,0,0
ISO_requirements_v2_modified.csv,7.5 生产和服务提供,"7.5.1 生产和服务提供的控制
生产和服务提供应予策划、实施、监视和控制以确保产品符合规范。适当时，生产控制应包括但不 限于：
a) 编制生产控制程序和控制方法的文件(见4.2.4);
b) 基础设施鉴定；
c) 实施过程参数和产品特性的监视和测量；
d) 获得和使用监视和测量设备；
e) 对标记和包装实施规定的操作；
f) 实施产品放行、交付和交付后活动。
组织应为每一台或每一批医疗器械建立并保留记录(见4.2.5),该记录提供了7.5.9规定的可追溯性范围和程度的信息并标明制造数量和批准流通数量。应核验和批准该记录。","生产和服务提供:生产和服务提供的控制,生产控制应包括编制生产控制程序和控制方法的文件。",1,1,0,1,0,0
ISO_requirements_v2_modified.csv,7.5 生产和服务提供,"7.5.1 生产和服务提供的控制
生产和服务提供应予策划、实施、监视和控制以确保产品符合规范。适当时，生产控制应包括但不 限于：
a) 编制生产控制程序和控制方法的文件(见4.2.4);
b) 基础设施鉴定；
c) 实施过程参数和产品特性的监视和测量；
d) 获得和使用监视和测量设备；
e) 对标记和包装实施规定的操作；
f) 实施产品放行、交付和交付后活动。
组织应为每一台或每一批医疗器械建立并保留记录(见4.2.5),该记录提供了7.5.9规定的可追溯性范围和程度的信息并标明制造数量和批准流通数量。应核验和批准该记录。","生产和服务提供:生产和服务提供的控制,生产控制应包括基础设施鉴定。",1,1,0,0,0,0
ISO_requirements_v2_modified.csv,7.5 生产和服务提供,"7.5.1 生产和服务提供的控制
生产和服务提供应予策划、实施、监视和控制以确保产品符合规范。适当时，生产控制应包括但不 限于：
a) 编制生产控制程序和控制方法的文件(见4.2.4);
b) 基础设施鉴定；
c) 实施过程参数和产品特性的监视和测量；
d) 获得和使用监视和测量设备；
e) 对标记和包装实施规定的操作；
f) 实施产品放行、交付和交付后活动。
组织应为每一台或每一批医疗器械建立并保留记录(见4.2.5),该记录提供了7.5.9规定的可追溯性范围和程度的信息并标明制造数量和批准流通数量。应核验和批准该记录。","生产和服务提供:生产和服务提供的控制,生产控制应包括实施过程参数和产品特性的监视和测量。",1,1,0,0,0,0
ISO_requirements_v2_modified.csv,7.5 生产和服务提供,"7.5.1 生产和服务提供的控制
生产和服务提供应予策划、实施、监视和控制以确保产品符合规范。适当时，生产控制应包括但不 限于：
a) 编制生产控制程序和控制方法的文件(见4.2.4);
b) 基础设施鉴定；
c) 实施过程参数和产品特性的监视和测量；
d) 获得和使用监视和测量设备；
e) 对标记和包装实施规定的操作；
f) 实施产品放行、交付和交付后活动。
组织应为每一台或每一批医疗器械建立并保留记录(见4.2.5),该记录提供了7.5.9规定的可追溯性范围和程度的信息并标明制造数量和批准流通数量。应核验和批准该记录。","生产和服务提供:生产和服务提供的控制,生产控制应包括获得和使用监视和测量设备。",1,1,0,0,0,0
ISO_requirements_v2_modified.csv,7.5 生产和服务提供,"7.5.1 生产和服务提供的控制
生产和服务提供应予策划、实施、监视和控制以确保产品符合规范。适当时，生产控制应包括但不 限于：
a) 编制生产控制程序和控制方法的文件(见4.2.4);
b) 基础设施鉴定；
c) 实施过程参数和产品特性的监视和测量；
d) 获得和使用监视和测量设备；
e) 对标记和包装实施规定的操作；
f) 实施产品放行、交付和交付后活动。
组织应为每一台或每一批医疗器械建立并保留记录(见4.2.5),该记录提供了7.5.9规定的可追溯性范围和程度的信息并标明制造数量和批准流通数量。应核验和批准该记录。","生产和服务提供:生产和服务提供的控制,生产控制应包括对标记和包装实施规定的操作。",1,1,0,0,0,0
ISO_requirements_v2_modified.csv,7.5 生产和服务提供,"7.5.1 生产和服务提供的控制
生产和服务提供应予策划、实施、监视和控制以确保产品符合规范。适当时，生产控制应包括但不 限于：
a) 编制生产控制程序和控制方法的文件(见4.2.4);
b) 基础设施鉴定；
c) 实施过程参数和产品特性的监视和测量；
d) 获得和使用监视和测量设备；
e) 对标记和包装实施规定的操作；
f) 实施产品放行、交付和交付后活动。
组织应为每一台或每一批医疗器械建立并保留记录(见4.2.5),该记录提供了7.5.9规定的可追溯性范围和程度的信息并标明制造数量和批准流通数量。应核验和批准该记录。","生产和服务提供:生产和服务提供的控制,生产控制应包括实施产品放行、交付和交付后活动。",1,1,0,0,0,0
ISO_requirements_v2_modified.csv,7.5 生产和服务提供,"7.5.1 生产和服务提供的控制
生产和服务提供应予策划、实施、监视和控制以确保产品符合规范。适当时，生产控制应包括但不 限于：
a) 编制生产控制程序和控制方法的文件(见4.2.4);
b) 基础设施鉴定；
c) 实施过程参数和产品特性的监视和测量；
d) 获得和使用监视和测量设备；
e) 对标记和包装实施规定的操作；
f) 实施产品放行、交付和交付后活动。
组织应为每一台或每一批医疗器械建立并保留记录(见4.2.5),该记录提供了7.5.9规定的可追溯性范围和程度的信息并标明制造数量和批准流通数量。应核验和批准该记录。","生产和服务提供:生产和服务提供的控制,组织应为每一台或每一批医疗器械建立并保留记录。",1,1,0,0,0,0
ISO_requirements_v2_modified.csv,7.5 生产和服务提供,"7.5.1 生产和服务提供的控制
生产和服务提供应予策划、实施、监视和控制以确保产品符合规范。适当时，生产控制应包括但不 限于：
a) 编制生产控制程序和控制方法的文件(见4.2.4);
b) 基础设施鉴定；
c) 实施过程参数和产品特性的监视和测量；
d) 获得和使用监视和测量设备；
e) 对标记和包装实施规定的操作；
f) 实施产品放行、交付和交付后活动。
组织应为每一台或每一批医疗器械建立并保留记录(见4.2.5),该记录提供了7.5.9规定的可追溯性范围和程度的信息并标明制造数量和批准流通数量。应核验和批准该记录。","生产和服务提供:生产和服务提供的控制,记录应提供可追溯性范围和程度的信息。",1,1,0,0,0,0
ISO_requirements_v2_modified.csv,7.5 生产和服务提供,"7.5.1 生产和服务提供的控制
生产和服务提供应予策划、实施、监视和控制以确保产品符合规范。适当时，生产控制应包括但不 限于：
a) 编制生产控制程序和控制方法的文件(见4.2.4);
b) 基础设施鉴定；
c) 实施过程参数和产品特性的监视和测量；
d) 获得和使用监视和测量设备；
e) 对标记和包装实施规定的操作；
f) 实施产品放行、交付和交付后活动。
组织应为每一台或每一批医疗器械建立并保留记录(见4.2.5),该记录提供了7.5.9规定的可追溯性范围和程度的信息并标明制造数量和批准流通数量。应核验和批准该记录。","生产和服务提供:生产和服务提供的控制,记录应标明制造数量和批准流通数量。",1,1,0,0,0,0
ISO_requirements_v2_modified.csv,7.5 生产和服务提供,"7.5.1 生产和服务提供的控制
生产和服务提供应予策划、实施、监视和控制以确保产品符合规范。适当时，生产控制应包括但不 限于：
a) 编制生产控制程序和控制方法的文件(见4.2.4);
b) 基础设施鉴定；
c) 实施过程参数和产品特性的监视和测量；
d) 获得和使用监视和测量设备；
e) 对标记和包装实施规定的操作；
f) 实施产品放行、交付和交付后活动。
组织应为每一台或每一批医疗器械建立并保留记录(见4.2.5),该记录提供了7.5.9规定的可追溯性范围和程度的信息并标明制造数量和批准流通数量。应核验和批准该记录。","生产和服务提供:生产和服务提供的控制,应核验和批准记录。",1,1,0,0,0,1
ISO_requirements_v2_modified.csv,8.2 监视和测量,"8.2.3 向监管机构报告
如果适用的法规要求将符合不良事件报告准则的投诉或发布的忠告性通知向监管机构报告，则组织应将向有关监管机构报告的程序形成文件。
应保留向监管机构报告的记录(见4.2.5)。","监视和测量:向监管机构报告,如果适用的法规要求将符合不良事件报告准则的投诉或发布的忠告性通知向监管机构报告，则组织应将向有关监管机构报告的程序形成文件。",1,1,0,1,0,0
ISO_requirements_v2_modified.csv,8.2 监视和测量,"8.2.3 向监管机构报告
如果适用的法规要求将符合不良事件报告准则的投诉或发布的忠告性通知向监管机构报告，则组织应将向有关监管机构报告的程序形成文件。
应保留向监管机构报告的记录(见4.2.5)。","监视和测量:向监管机构报告,组织应保留向监管机构报告的记录。",1,1,0,0,0,1
GMP_requirements_modified_v1.csv,第二章 机构与人员,第五条 企业应当建立与医疗器械生产相适应的管理机构，并有组 织机构图，明确各部门的职责和权限，明确质量管理职能。生产管理部门和质量管理部门负责人不得互相兼任。,企业应当建立与医疗器械生产相适应的管理机构。,1,0,1,0,0,0
GMP_requirements_modified_v1.csv,第二章 机构与人员,第五条 企业应当建立与医疗器械生产相适应的管理机构，并有组 织机构图，明确各部门的职责和权限，明确质量管理职能。生产管理部门和质量管理部门负责人不得互相兼任。,管理机构应有组织机构图。,1,0,1,0,0,0
GMP_requirements_modified_v1.csv,第二章 机构与人员,第五条 企业应当建立与医疗器械生产相适应的管理机构，并有组 织机构图，明确各部门的职责和权限，明确质量管理职能。生产管理部门和质量管理部门负责人不得互相兼任。,组织机构图应明确各部门的职责和权限。,1,0,1,0,0,0
GMP_requirements_modified_v1.csv,第二章 机构与人员,第五条 企业应当建立与医疗器械生产相适应的管理机构，并有组 织机构图，明确各部门的职责和权限，明确质量管理职能。生产管理部门和质量管理部门负责人不得互相兼任。,组织机构图应明确质量管理职能。,1,0,1,0,0,0
GMP_requirements_modified_v1.csv,第二章 机构与人员,第五条 企业应当建立与医疗器械生产相适应的管理机构，并有组 织机构图，明确各部门的职责和权限，明确质量管理职能。生产管理部门和质量管理部门负责人不得互相兼任。,生产管理部门和质量管理部门负责人不得互相兼任。,1,0,1,0,0,0
GMP_requirements_modified_v1.csv,第三章 厂房与设施,第十四条  厂房应当确保生产和贮存产品质量以及相关设备性能不会直接或者间接受到影响，厂房应当有适当的照明、温度、湿度和通风控制条件。,厂房应当确保生产和贮存产品质量以及相关设备性能不会直接或者间接受到影响。,1,1,0,0,0,0
GMP_requirements_modified_v1.csv,第三章 厂房与设施,第十四条  厂房应当确保生产和贮存产品质量以及相关设备性能不会直接或者间接受到影响，厂房应当有适当的照明、温度、湿度和通风控制条件。,厂房应当有适当的照明控制条件。,1,1,0,0,0,0
GMP_requirements_modified_v1.csv,第三章 厂房与设施,第十四条  厂房应当确保生产和贮存产品质量以及相关设备性能不会直接或者间接受到影响，厂房应当有适当的照明、温度、湿度和通风控制条件。,厂房应当有适当的温度控制条件。,1,1,0,0,0,0
GMP_requirements_modified_v1.csv,第三章 厂房与设施,第十四条  厂房应当确保生产和贮存产品质量以及相关设备性能不会直接或者间接受到影响，厂房应当有适当的照明、温度、湿度和通风控制条件。,厂房应当有适当的湿度控制条件。,1,1,0,0,0,0
GMP_requirements_modified_v1.csv,第三章 厂房与设施,第十四条  厂房应当确保生产和贮存产品质量以及相关设备性能不会直接或者间接受到影响，厂房应当有适当的照明、温度、湿度和通风控制条件。,厂房应当有适当的通风控制条件。,1,1,0,0,0,0
GMP_requirements_modified_v1.csv,第四章 设备,第十九条  企业应当配备与所生产产品和规模相匹配的生产设备、工艺装备等，并确保有效运行。,企业应当配备与所生产产品和规模相匹配的生产设备。,1,1,0,0,0,0
GMP_requirements_modified_v1.csv,第四章 设备,第十九条  企业应当配备与所生产产品和规模相匹配的生产设备、工艺装备等，并确保有效运行。,企业应当配备与所生产产品和规模相匹配的工艺装备。,1,1,0,0,0,0
GMP_requirements_modified_v1.csv,第四章 设备,第十九条  企业应当配备与所生产产品和规模相匹配的生产设备、工艺装备等，并确保有效运行。,企业应当确保所配备的生产设备有效运行。,1,1,0,0,0,0
GMP_requirements_modified_v1.csv,第四章 设备,第十九条  企业应当配备与所生产产品和规模相匹配的生产设备、工艺装备等，并确保有效运行。,企业应当确保所配备的工艺装备有效运行。,1,1,0,0,0,0
GMP_requirements_modified_v1.csv,第四章 设备,"第二十条 生产设备的设计、选型、安装、维修和维护必须符合预 定用途，便于操作、清洁和维护。生产设备应当有明显的状态标识，防止非预期使用。

企业应当建立生产设备使用、清洁、维护和维修的操作规程，并保存相应的操作记录。",生产设备的设计、选型、安装、维修和维护必须符合预定用途。,1,1,0,0,0,0
GMP_requirements_modified_v1.csv,第四章 设备,"第二十条 生产设备的设计、选型、安装、维修和维护必须符合预 定用途，便于操作、清洁和维护。生产设备应当有明显的状态标识，防止非预期使用。

企业应当建立生产设备使用、清洁、维护和维修的操作规程，并保存相应的操作记录。",生产设备的设计、选型、安装、维修和维护必须便于操作、清洁和维护。,1,1,0,0,0,0
GMP_requirements_modified_v1.csv,第四章 设备,"第二十条 生产设备的设计、选型、安装、维修和维护必须符合预 定用途，便于操作、清洁和维护。生产设备应当有明显的状态标识，防止非预期使用。

企业应当建立生产设备使用、清洁、维护和维修的操作规程，并保存相应的操作记录。",生产设备应当有明显的状态标识。,1,1,0,0,0,0
GMP_requirements_modified_v1.csv,第四章 设备,"第二十条 生产设备的设计、选型、安装、维修和维护必须符合预 定用途，便于操作、清洁和维护。生产设备应当有明显的状态标识，防止非预期使用。

企业应当建立生产设备使用、清洁、维护和维修的操作规程，并保存相应的操作记录。",状态标识的目的是防止非预期使用生产设备。,1,1,0,0,0,0
GMP_requirements_modified_v1.csv,第四章 设备,"第二十条 生产设备的设计、选型、安装、维修和维护必须符合预 定用途，便于操作、清洁和维护。生产设备应当有明显的状态标识，防止非预期使用。

企业应当建立生产设备使用、清洁、维护和维修的操作规程，并保存相应的操作记录。",企业应当建立生产设备使用的操作规程。,1,1,0,0,1,0
GMP_requirements_modified_v1.csv,第四章 设备,"第二十条 生产设备的设计、选型、安装、维修和维护必须符合预 定用途，便于操作、清洁和维护。生产设备应当有明显的状态标识，防止非预期使用。

企业应当建立生产设备使用、清洁、维护和维修的操作规程，并保存相应的操作记录。",企业应当建立生产设备清洁的操作规程。,1,1,0,0,1,0
GMP_requirements_modified_v1.csv,第四章 设备,"第二十条 生产设备的设计、选型、安装、维修和维护必须符合预 定用途，便于操作、清洁和维护。生产设备应当有明显的状态标识，防止非预期使用。

企业应当建立生产设备使用、清洁、维护和维修的操作规程，并保存相应的操作记录。",企业应当建立生产设备维护和维修的操作规程。,1,1,0,0,1,0
GMP_requirements_modified_v1.csv,第四章 设备,"第二十条 生产设备的设计、选型、安装、维修和维护必须符合预 定用途，便于操作、清洁和维护。生产设备应当有明显的状态标识，防止非预期使用。

企业应当建立生产设备使用、清洁、维护和维修的操作规程，并保存相应的操作记录。",企业应当保存生产设备使用、清洁、维护和维修的操作记录。,1,1,0,0,0,1
GMP_requirements_modified_v1.csv,第五章 文件管理,"第二十四条  企业应当建立健全质量管理体系文件，包括质量方针 和质量目标、质量手册、程序文件、技术文件和记录，以及法规要求的其他文件。

质量手册应当对质量管理体系作出规定。

程序文件应当根据产品生产和质量管理过程中需要建立的各种工作程序而制定，包含本规范所规定的各项程序。

技术文件应当包括产品技术要求及相关标准、生产工艺规程、作业指导书、检验和试验操作规程、安装和服务操作规程等相关文件。",企业应当建立健全质量管理体系文件。,1,1,0,0,0,0
GMP_requirements_modified_v1.csv,第五章 文件管理,"第二十四条  企业应当建立健全质量管理体系文件，包括质量方针 和质量目标、质量手册、程序文件、技术文件和记录，以及法规要求的其他文件。

质量手册应当对质量管理体系作出规定。

程序文件应当根据产品生产和质量管理过程中需要建立的各种工作程序而制定，包含本规范所规定的各项程序。

技术文件应当包括产品技术要求及相关标准、生产工艺规程、作业指导书、检验和试验操作规程、安装和服务操作规程等相关文件。",质量管理体系文件包括质量方针和质量目标。,1,1,0,0,0,0
GMP_requirements_modified_v1.csv,第五章 文件管理,"第二十四条  企业应当建立健全质量管理体系文件，包括质量方针 和质量目标、质量手册、程序文件、技术文件和记录，以及法规要求的其他文件。

质量手册应当对质量管理体系作出规定。

程序文件应当根据产品生产和质量管理过程中需要建立的各种工作程序而制定，包含本规范所规定的各项程序。

技术文件应当包括产品技术要求及相关标准、生产工艺规程、作业指导书、检验和试验操作规程、安装和服务操作规程等相关文件。",质量管理体系文件包括质量手册。,1,1,0,0,0,0
GMP_requirements_modified_v1.csv,第五章 文件管理,"第二十四条  企业应当建立健全质量管理体系文件，包括质量方针 和质量目标、质量手册、程序文件、技术文件和记录，以及法规要求的其他文件。

质量手册应当对质量管理体系作出规定。

程序文件应当根据产品生产和质量管理过程中需要建立的各种工作程序而制定，包含本规范所规定的各项程序。

技术文件应当包括产品技术要求及相关标准、生产工艺规程、作业指导书、检验和试验操作规程、安装和服务操作规程等相关文件。",质量管理体系文件包括程序文件。,1,1,0,0,0,0
GMP_requirements_modified_v1.csv,第五章 文件管理,"第二十四条  企业应当建立健全质量管理体系文件，包括质量方针 和质量目标、质量手册、程序文件、技术文件和记录，以及法规要求的其他文件。

质量手册应当对质量管理体系作出规定。

程序文件应当根据产品生产和质量管理过程中需要建立的各种工作程序而制定，包含本规范所规定的各项程序。

技术文件应当包括产品技术要求及相关标准、生产工艺规程、作业指导书、检验和试验操作规程、安装和服务操作规程等相关文件。",质量管理体系文件包括技术文件和记录。,1,1,0,0,0,0
GMP_requirements_modified_v1.csv,第五章 文件管理,"第二十四条  企业应当建立健全质量管理体系文件，包括质量方针 和质量目标、质量手册、程序文件、技术文件和记录，以及法规要求的其他文件。

质量手册应当对质量管理体系作出规定。

程序文件应当根据产品生产和质量管理过程中需要建立的各种工作程序而制定，包含本规范所规定的各项程序。

技术文件应当包括产品技术要求及相关标准、生产工艺规程、作业指导书、检验和试验操作规程、安装和服务操作规程等相关文件。",质量管理体系文件包括法规要求的其他文件。,1,1,0,0,0,0
GMP_requirements_modified_v1.csv,第五章 文件管理,"第二十四条  企业应当建立健全质量管理体系文件，包括质量方针 和质量目标、质量手册、程序文件、技术文件和记录，以及法规要求的其他文件。

质量手册应当对质量管理体系作出规定。

程序文件应当根据产品生产和质量管理过程中需要建立的各种工作程序而制定，包含本规范所规定的各项程序。

技术文件应当包括产品技术要求及相关标准、生产工艺规程、作业指导书、检验和试验操作规程、安装和服务操作规程等相关文件。",质量手册应当对质量管理体系作出规定。,1,1,0,0,0,0
GMP_requirements_modified_v1.csv,第五章 文件管理,"第二十四条  企业应当建立健全质量管理体系文件，包括质量方针 和质量目标、质量手册、程序文件、技术文件和记录，以及法规要求的其他文件。

质量手册应当对质量管理体系作出规定。

程序文件应当根据产品生产和质量管理过程中需要建立的各种工作程序而制定，包含本规范所规定的各项程序。

技术文件应当包括产品技术要求及相关标准、生产工艺规程、作业指导书、检验和试验操作规程、安装和服务操作规程等相关文件。",程序文件应当根据产品生产和质量管理过程中需要建立的各种工作程序而制定。,1,1,0,0,0,0
GMP_requirements_modified_v1.csv,第五章 文件管理,"第二十四条  企业应当建立健全质量管理体系文件，包括质量方针 和质量目标、质量手册、程序文件、技术文件和记录，以及法规要求的其他文件。

质量手册应当对质量管理体系作出规定。

程序文件应当根据产品生产和质量管理过程中需要建立的各种工作程序而制定，包含本规范所规定的各项程序。

技术文件应当包括产品技术要求及相关标准、生产工艺规程、作业指导书、检验和试验操作规程、安装和服务操作规程等相关文件。",程序文件包含本规范所规定的各项程序。,1,1,0,0,0,0
GMP_requirements_modified_v1.csv,第五章 文件管理,"第二十四条  企业应当建立健全质量管理体系文件，包括质量方针 和质量目标、质量手册、程序文件、技术文件和记录，以及法规要求的其他文件。

质量手册应当对质量管理体系作出规定。

程序文件应当根据产品生产和质量管理过程中需要建立的各种工作程序而制定，包含本规范所规定的各项程序。

技术文件应当包括产品技术要求及相关标准、生产工艺规程、作业指导书、检验和试验操作规程、安装和服务操作规程等相关文件。",技术文件应当包括产品技术要求及相关标准。,1,1,0,0,0,0
GMP_requirements_modified_v1.csv,第五章 文件管理,"第二十四条  企业应当建立健全质量管理体系文件，包括质量方针 和质量目标、质量手册、程序文件、技术文件和记录，以及法规要求的其他文件。

质量手册应当对质量管理体系作出规定。

程序文件应当根据产品生产和质量管理过程中需要建立的各种工作程序而制定，包含本规范所规定的各项程序。

技术文件应当包括产品技术要求及相关标准、生产工艺规程、作业指导书、检验和试验操作规程、安装和服务操作规程等相关文件。",技术文件应当包括生产工艺规程。,1,1,0,0,0,0
GMP_requirements_modified_v1.csv,第五章 文件管理,"第二十四条  企业应当建立健全质量管理体系文件，包括质量方针 和质量目标、质量手册、程序文件、技术文件和记录，以及法规要求的其他文件。

质量手册应当对质量管理体系作出规定。

程序文件应当根据产品生产和质量管理过程中需要建立的各种工作程序而制定，包含本规范所规定的各项程序。

技术文件应当包括产品技术要求及相关标准、生产工艺规程、作业指导书、检验和试验操作规程、安装和服务操作规程等相关文件。",技术文件应当包括作业指导书。,1,1,0,0,0,0
GMP_requirements_modified_v1.csv,第五章 文件管理,"第二十四条  企业应当建立健全质量管理体系文件，包括质量方针 和质量目标、质量手册、程序文件、技术文件和记录，以及法规要求的其他文件。

质量手册应当对质量管理体系作出规定。

程序文件应当根据产品生产和质量管理过程中需要建立的各种工作程序而制定，包含本规范所规定的各项程序。

技术文件应当包括产品技术要求及相关标准、生产工艺规程、作业指导书、检验和试验操作规程、安装和服务操作规程等相关文件。",技术文件应当包括检验和试验操作规程。,1,1,0,0,0,0
GMP_requirements_modified_v1.csv,第五章 文件管理,"第二十四条  企业应当建立健全质量管理体系文件，包括质量方针 和质量目标、质量手册、程序文件、技术文件和记录，以及法规要求的其他文件。

质量手册应当对质量管理体系作出规定。

程序文件应当根据产品生产和质量管理过程中需要建立的各种工作程序而制定，包含本规范所规定的各项程序。

技术文件应当包括产品技术要求及相关标准、生产工艺规程、作业指导书、检验和试验操作规程、安装和服务操作规程等相关文件。",技术文件应当包括安装和服务操作规程等相关文件。,1,1,0,0,0,0
GMP_requirements_modified_v1.csv,第六章 设计开发,第二十九条 在进行设计和开发策划时，应当确定设计和开发的阶 段及对各阶段的评审、验证、确认和设计转换等活动，应当识别和确定各个部门设计和开发的活动和接口，明确职责和分工。,在进行设计和开发策划时，应当确定设计和开发的阶段。,1,1,0,0,0,0
GMP_requirements_modified_v1.csv,第六章 设计开发,第二十九条 在进行设计和开发策划时，应当确定设计和开发的阶 段及对各阶段的评审、验证、确认和设计转换等活动，应当识别和确定各个部门设计和开发的活动和接口，明确职责和分工。,在进行设计和开发策划时，应当确定对各阶段的评审活动。,1,1,0,0,0,0
GMP_requirements_modified_v1.csv,第六章 设计开发,第二十九条 在进行设计和开发策划时，应当确定设计和开发的阶 段及对各阶段的评审、验证、确认和设计转换等活动，应当识别和确定各个部门设计和开发的活动和接口，明确职责和分工。,在进行设计和开发策划时，应当确定对各阶段的验证活动。,1,1,0,0,0,0
GMP_requirements_modified_v1.csv,第六章 设计开发,第二十九条 在进行设计和开发策划时，应当确定设计和开发的阶 段及对各阶段的评审、验证、确认和设计转换等活动，应当识别和确定各个部门设计和开发的活动和接口，明确职责和分工。,在进行设计和开发策划时，应当确定对各阶段的确认活动。,1,1,0,0,0,0
GMP_requirements_modified_v1.csv,第六章 设计开发,第二十九条 在进行设计和开发策划时，应当确定设计和开发的阶 段及对各阶段的评审、验证、确认和设计转换等活动，应当识别和确定各个部门设计和开发的活动和接口，明确职责和分工。,在进行设计和开发策划时，应当确定对各阶段的设计转换活动。,1,1,0,0,0,0
GMP_requirements_modified_v1.csv,第六章 设计开发,第二十九条 在进行设计和开发策划时，应当确定设计和开发的阶 段及对各阶段的评审、验证、确认和设计转换等活动，应当识别和确定各个部门设计和开发的活动和接口，明确职责和分工。,在进行设计和开发策划时，应当识别和确定各个部门设计和开发的活动。,1,1,0,0,0,0
GMP_requirements_modified_v1.csv,第六章 设计开发,第二十九条 在进行设计和开发策划时，应当确定设计和开发的阶 段及对各阶段的评审、验证、确认和设计转换等活动，应当识别和确定各个部门设计和开发的活动和接口，明确职责和分工。,在进行设计和开发策划时，应当识别和确定各个部门设计和开发的接口。,1,1,0,0,0,0
GMP_requirements_modified_v1.csv,第六章 设计开发,第二十九条 在进行设计和开发策划时，应当确定设计和开发的阶 段及对各阶段的评审、验证、确认和设计转换等活动，应当识别和确定各个部门设计和开发的活动和接口，明确职责和分工。,在进行设计和开发策划时，应当明确各个部门设计和开发的职责。,1,1,0,0,0,0
GMP_requirements_modified_v1.csv,第六章 设计开发,第二十九条 在进行设计和开发策划时，应当确定设计和开发的阶 段及对各阶段的评审、验证、确认和设计转换等活动，应当识别和确定各个部门设计和开发的活动和接口，明确职责和分工。,在进行设计和开发策划时，应当明确各个部门设计和开发的分工。,1,1,0,0,0,0
GMP_requirements_modified_v1.csv,第七章 采购,第四十条 企业应当根据采购物品对产品的影响，确定对采购物品实行控制的方式和程度。,企业应当根据采购物品对产品的影响，确定对采购物品实行控制的方式。,1,1,0,0,0,0
GMP_requirements_modified_v1.csv,第七章 采购,第四十条 企业应当根据采购物品对产品的影响，确定对采购物品实行控制的方式和程度。,企业应当根据采购物品对产品的影响，确定对采购物品实行控制的程度。,1,1,0,0,0,0
GMP_requirements_modified_v1.csv,第八章 生产管理,第四十五条  企业应当按照建立的质量管理体系进行生产，以保证产品符合强制性标准和经注册或者备案的产品技术要求。,企业应当按照建立的质量管理体系进行生产。,1,1,0,0,0,0
GMP_requirements_modified_v1.csv,第八章 生产管理,第四十五条  企业应当按照建立的质量管理体系进行生产，以保证产品符合强制性标准和经注册或者备案的产品技术要求。,质量管理体系的建立是为了保证产品符合强制性标准。,1,1,0,0,0,0
GMP_requirements_modified_v1.csv,第八章 生产管理,第四十五条  企业应当按照建立的质量管理体系进行生产，以保证产品符合强制性标准和经注册或者备案的产品技术要求。,质量管理体系的建立是为了保证产品符合经注册或者备案的产品技术要求。,1,1,0,0,0,0
GMP_requirements_modified_v1.csv,第九章 质量控制,第五十六条  企业应当建立质量控制程序，规定产品检验部门、人员、操作等要求，并规定检验仪器和设备的使用、校准等要求，以及产品放行的程序。,企业应当建立质量控制程序。,1,1,0,1,0,0
GMP_requirements_modified_v1.csv,第九章 质量控制,第五十六条  企业应当建立质量控制程序，规定产品检验部门、人员、操作等要求，并规定检验仪器和设备的使用、校准等要求，以及产品放行的程序。,质量控制程序应当规定产品检验部门的要求。,1,1,0,0,0,0
GMP_requirements_modified_v1.csv,第九章 质量控制,第五十六条  企业应当建立质量控制程序，规定产品检验部门、人员、操作等要求，并规定检验仪器和设备的使用、校准等要求，以及产品放行的程序。,质量控制程序应当规定产品检验人员的要求。,1,1,0,0,0,0
GMP_requirements_modified_v1.csv,第九章 质量控制,第五十六条  企业应当建立质量控制程序，规定产品检验部门、人员、操作等要求，并规定检验仪器和设备的使用、校准等要求，以及产品放行的程序。,质量控制程序应当规定产品检验操作的要求。,1,1,0,0,0,0
GMP_requirements_modified_v1.csv,第九章 质量控制,第五十六条  企业应当建立质量控制程序，规定产品检验部门、人员、操作等要求，并规定检验仪器和设备的使用、校准等要求，以及产品放行的程序。,质量控制程序应当规定检验仪器和设备的使用要求。,1,1,0,0,0,0
GMP_requirements_modified_v1.csv,第九章 质量控制,第五十六条  企业应当建立质量控制程序，规定产品检验部门、人员、操作等要求，并规定检验仪器和设备的使用、校准等要求，以及产品放行的程序。,质量控制程序应当规定检验仪器和设备的校准要求。,1,1,0,0,0,0
GMP_requirements_modified_v1.csv,第九章 质量控制,第五十六条  企业应当建立质量控制程序，规定产品检验部门、人员、操作等要求，并规定检验仪器和设备的使用、校准等要求，以及产品放行的程序。,质量控制程序应当规定产品放行的程序。,1,1,0,1,0,0
GMP_requirements_modified_v1.csv,第十章 销售和售后服务,第六十二条  企业应当建立产品销售记录，并满足可追溯的要求。 销售记录至少包括医疗器械的名称、规格、型号、数量；生产批号、有效期、销售日期、购货单位名称、地址、联系方式等内容。,企业应当建立产品销售记录。,1,1,0,0,0,1
GMP_requirements_modified_v1.csv,第十章 销售和售后服务,第六十二条  企业应当建立产品销售记录，并满足可追溯的要求。 销售记录至少包括医疗器械的名称、规格、型号、数量；生产批号、有效期、销售日期、购货单位名称、地址、联系方式等内容。,产品销售记录应当满足可追溯的要求。,1,1,0,0,0,0
GMP_requirements_modified_v1.csv,第十章 销售和售后服务,第六十二条  企业应当建立产品销售记录，并满足可追溯的要求。 销售记录至少包括医疗器械的名称、规格、型号、数量；生产批号、有效期、销售日期、购货单位名称、地址、联系方式等内容。,销售记录至少包括医疗器械的名称、规格、型号、数量。,1,1,0,0,0,0
GMP_requirements_modified_v1.csv,第十章 销售和售后服务,第六十二条  企业应当建立产品销售记录，并满足可追溯的要求。 销售记录至少包括医疗器械的名称、规格、型号、数量；生产批号、有效期、销售日期、购货单位名称、地址、联系方式等内容。,销售记录至少包括医疗器械的生产批号、有效期。,1,1,0,0,0,0
GMP_requirements_modified_v1.csv,第十章 销售和售后服务,第六十二条  企业应当建立产品销售记录，并满足可追溯的要求。 销售记录至少包括医疗器械的名称、规格、型号、数量；生产批号、有效期、销售日期、购货单位名称、地址、联系方式等内容。,销售记录至少包括医疗器械的销售日期。,1,1,0,0,0,0
GMP_requirements_modified_v1.csv,第十章 销售和售后服务,第六十二条  企业应当建立产品销售记录，并满足可追溯的要求。 销售记录至少包括医疗器械的名称、规格、型号、数量；生产批号、有效期、销售日期、购货单位名称、地址、联系方式等内容。,销售记录至少包括购货单位的名称、地址、联系方式。,1,1,0,0,0,0
GMP_requirements_modified_v1.csv,第十一章 不合格品控制,第六十七条 企业应当建立不合格品控制程序，规定不合格品控制的部门和人员的职责与权限。,企业应当建立不合格品控制程序。,1,1,0,1,0,0
GMP_requirements_modified_v1.csv,第十一章 不合格品控制,第六十七条 企业应当建立不合格品控制程序，规定不合格品控制的部门和人员的职责与权限。,不合格品控制程序应当规定不合格品控制的部门。,1,1,0,0,0,0
GMP_requirements_modified_v1.csv,第十一章 不合格品控制,第六十七条 企业应当建立不合格品控制程序，规定不合格品控制的部门和人员的职责与权限。,不合格品控制程序应当规定不合格品控制的人员的职责。,1,1,0,0,0,0
GMP_requirements_modified_v1.csv,第十一章 不合格品控制,第六十七条 企业应当建立不合格品控制程序，规定不合格品控制的部门和人员的职责与权限。,不合格品控制程序应当规定不合格品控制的人员的权限。,1,1,0,0,0,0
